,datetime,Count Predicted
0,2011-01-17 00:00:00,31.955
1,2011-01-17 01:00:00,20.195
2,2011-01-17 02:00:00,19.535
3,2011-01-17 03:00:00,13.19
4,2011-01-17 04:00:00,5.565
5,2011-01-17 05:00:00,4.72
6,2011-01-17 06:00:00,11.88
7,2011-01-17 07:00:00,22.445
8,2011-01-17 08:00:00,43.22
9,2011-01-17 09:00:00,40.93
10,2011-01-17 10:00:00,64.485
11,2011-01-17 11:00:00,66.01
12,2011-01-17 12:00:00,77.485
13,2011-01-17 13:00:00,78.955
14,2011-01-17 14:00:00,83.34
15,2011-01-17 15:00:00,81.225
16,2011-01-17 16:00:00,84.665
17,2011-01-17 17:00:00,82.77
18,2011-01-17 18:00:00,75.78
19,2011-01-17 19:00:00,62.225
20,2011-01-17 20:00:00,42.11
21,2011-01-17 21:00:00,32.475
22,2011-01-17 22:00:00,25.45
23,2011-01-17 23:00:00,22.97
24,2011-01-18 12:00:00,58.335
25,2011-01-18 13:00:00,58.415
26,2011-01-18 14:00:00,72.58
27,2011-01-18 15:00:00,70.35
28,2011-01-18 16:00:00,83.025
29,2011-01-18 17:00:00,154.045
30,2011-01-18 18:00:00,152.11
31,2011-01-18 19:00:00,100.625
32,2011-01-18 20:00:00,67.575
33,2011-01-18 21:00:00,48.945
34,2011-01-18 22:00:00,36.35
35,2011-01-18 23:00:00,26.57
36,2011-01-19 00:00:00,15.925
37,2011-01-19 01:00:00,6.38
38,2011-01-19 02:00:00,3.54
39,2011-01-19 04:00:00,2.755
40,2011-01-19 05:00:00,5.21
41,2011-01-19 06:00:00,27.95
42,2011-01-19 07:00:00,94.43
43,2011-01-19 08:00:00,193.39
44,2011-01-19 09:00:00,114.9
45,2011-01-19 10:00:00,63.835
46,2011-01-19 11:00:00,67.46
47,2011-01-19 12:00:00,77.61
48,2011-01-19 13:00:00,86.785
49,2011-01-19 14:00:00,89.15
50,2011-01-19 15:00:00,91.16
51,2011-01-19 16:00:00,118.375
52,2011-01-19 17:00:00,180.375
53,2011-01-19 18:00:00,182.03
54,2011-01-19 19:00:00,109.24
55,2011-01-19 20:00:00,76.485
56,2011-01-19 21:00:00,58.12
57,2011-01-19 22:00:00,52.055
58,2011-01-19 23:00:00,35.585
59,2011-02-17 00:00:00,18.14
60,2011-02-17 01:00:00,9.99
61,2011-02-17 02:00:00,6.65
62,2011-02-17 03:00:00,6.33
63,2011-02-17 04:00:00,3.47
64,2011-02-17 05:00:00,5.785
65,2011-02-17 06:00:00,30.83
66,2011-02-17 07:00:00,112.835
67,2011-02-17 08:00:00,238.365
68,2011-02-17 09:00:00,121.81
69,2011-02-17 10:00:00,73.015
70,2011-02-17 11:00:00,89.415
71,2011-02-17 12:00:00,107.255
72,2011-02-17 13:00:00,113.555
73,2011-02-17 14:00:00,127.485
74,2011-02-17 15:00:00,127.765
75,2011-02-17 16:00:00,199.52
76,2011-02-17 17:00:00,272.26
77,2011-02-17 18:00:00,267.495
78,2011-02-17 19:00:00,190.26
79,2011-02-17 20:00:00,163.05
80,2011-02-17 21:00:00,99.92
81,2011-02-17 22:00:00,81.605
82,2011-02-17 23:00:00,46.12
83,2011-02-18 00:00:00,55.05
84,2011-02-18 01:00:00,19.045
85,2011-02-18 02:00:00,8.745
86,2011-02-18 03:00:00,6.855
87,2011-02-18 04:00:00,7.415
88,2011-02-18 05:00:00,8.96
89,2011-02-18 06:00:00,33.67
90,2011-02-18 07:00:00,133.715
91,2011-02-18 08:00:00,228.915
92,2011-02-18 09:00:00,118.68
93,2011-02-18 10:00:00,83.125
94,2011-02-18 11:00:00,85.215
95,2011-02-18 12:00:00,104.615
96,2011-02-18 13:00:00,131.98
97,2011-02-18 14:00:00,130.74
98,2011-02-18 15:00:00,139.265
99,2011-02-18 16:00:00,222.89
100,2011-02-18 17:00:00,328.61
101,2011-02-18 18:00:00,327.0
102,2011-02-18 19:00:00,259.305
103,2011-02-18 20:00:00,232.865
104,2011-02-18 21:00:00,105.435
105,2011-02-18 22:00:00,79.075
106,2011-02-18 23:00:00,52.175
107,2011-02-19 00:00:00,42.91
108,2011-02-19 01:00:00,29.075
109,2011-02-19 02:00:00,26.54
110,2011-02-19 03:00:00,20.9
111,2011-02-19 04:00:00,8.225
112,2011-02-19 05:00:00,8.19
113,2011-02-19 06:00:00,16.865
114,2011-02-19 07:00:00,97.185
115,2011-02-19 08:00:00,117.555
116,2011-02-19 09:00:00,104.995
117,2011-02-19 10:00:00,175.22
118,2011-02-19 11:00:00,198.37
119,2011-02-19 12:00:00,203.9
120,2011-02-19 13:00:00,205.065
121,2011-02-19 14:00:00,217.55
122,2011-02-19 15:00:00,209.115
123,2011-02-19 16:00:00,188.44
124,2011-02-19 17:00:00,162.635
125,2011-02-19 18:00:00,118.585
126,2011-02-19 19:00:00,104.595
127,2011-02-19 20:00:00,90.17
128,2011-02-19 21:00:00,63.99
129,2011-02-19 22:00:00,44.315
130,2011-02-19 23:00:00,32.805
131,2011-03-17 00:00:00,16.455
132,2011-03-17 01:00:00,10.11
133,2011-03-17 02:00:00,5.835
134,2011-03-17 03:00:00,5.795
135,2011-03-17 04:00:00,5.345
136,2011-03-17 05:00:00,6.53
137,2011-03-17 06:00:00,34.245
138,2011-03-17 07:00:00,119.435
139,2011-03-17 08:00:00,236.685
140,2011-03-17 09:00:00,123.055
141,2011-03-17 10:00:00,101.925
142,2011-03-17 11:00:00,104.315
143,2011-03-17 12:00:00,117.515
144,2011-03-17 13:00:00,119.55
145,2011-03-17 14:00:00,121.835
146,2011-03-17 15:00:00,130.825
147,2011-03-17 16:00:00,205.96
148,2011-03-17 17:00:00,259.735
149,2011-03-17 18:00:00,230.08
150,2011-03-17 19:00:00,169.13
151,2011-03-17 20:00:00,137.075
152,2011-03-17 21:00:00,92.5
153,2011-03-17 22:00:00,69.295
154,2011-03-17 23:00:00,43.17
155,2011-03-18 00:00:00,34.09
156,2011-03-18 01:00:00,11.78
157,2011-03-18 02:00:00,6.685
158,2011-03-18 03:00:00,4.695
159,2011-03-18 05:00:00,10.425
160,2011-03-18 06:00:00,36.48
161,2011-03-18 07:00:00,125.145
162,2011-03-18 08:00:00,253.175
163,2011-03-18 09:00:00,138.42
164,2011-03-18 10:00:00,101.505
165,2011-03-18 11:00:00,108.25
166,2011-03-18 12:00:00,121.515
167,2011-03-18 13:00:00,138.895
168,2011-03-18 14:00:00,141.415
169,2011-03-18 15:00:00,145.3
170,2011-03-18 16:00:00,233.295
171,2011-03-18 17:00:00,333.765
172,2011-03-18 18:00:00,335.405
173,2011-03-18 19:00:00,282.805
174,2011-03-18 20:00:00,240.71
175,2011-03-18 21:00:00,168.53
176,2011-03-18 22:00:00,122.69
177,2011-03-18 23:00:00,66.25
178,2011-03-19 00:00:00,47.69
179,2011-03-19 01:00:00,35.985
180,2011-03-19 02:00:00,30.42
181,2011-03-19 03:00:00,34.785
182,2011-03-19 04:00:00,14.275
183,2011-03-19 05:00:00,20.095
184,2011-03-19 06:00:00,22.575
185,2011-03-19 07:00:00,70.525
186,2011-03-19 08:00:00,140.45
187,2011-03-19 09:00:00,111.515
188,2011-03-19 10:00:00,180.475
189,2011-03-19 11:00:00,206.045
190,2011-03-19 12:00:00,223.17
191,2011-03-19 13:00:00,245.055
192,2011-03-19 14:00:00,249.915
193,2011-03-19 15:00:00,251.5
194,2011-03-19 16:00:00,255.745
195,2011-03-19 17:00:00,257.23
196,2011-03-19 18:00:00,216.695
197,2011-03-19 19:00:00,164.535
198,2011-03-19 20:00:00,119.255
199,2011-03-19 21:00:00,75.625
200,2011-03-19 22:00:00,57.14
201,2011-03-19 23:00:00,38.435
202,2011-04-17 00:00:00,37.24
203,2011-04-17 01:00:00,29.72
204,2011-04-17 02:00:00,25.875
205,2011-04-17 03:00:00,17.835
206,2011-04-17 04:00:00,10.35
207,2011-04-17 05:00:00,9.655
208,2011-04-17 06:00:00,37.155
209,2011-04-17 07:00:00,93.78
210,2011-04-17 08:00:00,166.4
211,2011-04-17 09:00:00,144.63
212,2011-04-17 10:00:00,193.08
213,2011-04-17 11:00:00,217.97
214,2011-04-17 12:00:00,243.82
215,2011-04-17 13:00:00,274.895
216,2011-04-17 14:00:00,275.09
217,2011-04-17 15:00:00,295.855
218,2011-04-17 16:00:00,291.065
219,2011-04-17 17:00:00,311.205
220,2011-04-17 18:00:00,291.16
221,2011-04-17 19:00:00,280.92
222,2011-04-17 20:00:00,190.265
223,2011-04-17 21:00:00,124.335
224,2011-04-17 22:00:00,101.22
225,2011-04-17 23:00:00,52.55
226,2011-04-18 00:00:00,46.7
227,2011-04-18 01:00:00,20.79
228,2011-04-18 02:00:00,8.345
229,2011-04-18 03:00:00,7.305
230,2011-04-18 04:00:00,6.145
231,2011-04-18 05:00:00,13.94
232,2011-04-18 06:00:00,46.23
233,2011-04-18 07:00:00,207.685
234,2011-04-18 08:00:00,299.1
235,2011-04-18 09:00:00,162.055
236,2011-04-18 10:00:00,104.335
237,2011-04-18 11:00:00,116.665
238,2011-04-18 12:00:00,133.77
239,2011-04-18 13:00:00,134.765
240,2011-04-18 14:00:00,136.59
241,2011-04-18 15:00:00,152.1
242,2011-04-18 16:00:00,244.785
243,2011-04-18 17:00:00,327.985
244,2011-04-18 18:00:00,375.025
245,2011-04-18 19:00:00,282.985
246,2011-04-18 20:00:00,269.09
247,2011-04-18 21:00:00,130.9
248,2011-04-18 22:00:00,100.25
249,2011-04-18 23:00:00,60.045
250,2011-04-19 00:00:00,38.43
251,2011-04-19 01:00:00,20.11
252,2011-04-19 02:00:00,9.435
253,2011-04-19 03:00:00,7.265
254,2011-04-19 04:00:00,8.935
255,2011-04-19 05:00:00,12.79
256,2011-04-19 06:00:00,44.12
257,2011-04-19 07:00:00,214.15
258,2011-04-19 08:00:00,307.625
259,2011-04-19 09:00:00,150.67
260,2011-04-19 10:00:00,92.835
261,2011-04-19 11:00:00,108.685
262,2011-04-19 12:00:00,115.175
263,2011-04-19 13:00:00,112.125
264,2011-04-19 14:00:00,112.97
265,2011-04-19 15:00:00,125.13
266,2011-04-19 16:00:00,228.52
267,2011-04-19 17:00:00,290.68
268,2011-04-19 18:00:00,288.93
269,2011-04-19 19:00:00,215.44
270,2011-04-19 20:00:00,176.725
271,2011-04-19 21:00:00,133.605
272,2011-04-19 22:00:00,102.885
273,2011-04-19 23:00:00,51.895
274,2011-05-17 00:00:00,36.15
275,2011-05-17 01:00:00,14.455
276,2011-05-17 02:00:00,9.07
277,2011-05-17 03:00:00,3.13
278,2011-05-17 04:00:00,3.565
279,2011-05-17 05:00:00,15.255
280,2011-05-17 06:00:00,92.5
281,2011-05-17 07:00:00,252.57
282,2011-05-17 08:00:00,300.615
283,2011-05-17 09:00:00,206.145
284,2011-05-17 10:00:00,137.71
285,2011-05-17 11:00:00,152.395
286,2011-05-17 12:00:00,191.785
287,2011-05-17 13:00:00,201.465
288,2011-05-17 14:00:00,172.73
289,2011-05-17 15:00:00,176.645
290,2011-05-17 16:00:00,318.54
291,2011-05-17 17:00:00,440.65
292,2011-05-17 18:00:00,373.44
293,2011-05-17 19:00:00,337.76
294,2011-05-17 20:00:00,244.32
295,2011-05-17 21:00:00,148.705
296,2011-05-17 22:00:00,115.825
297,2011-05-17 23:00:00,70.92
298,2011-05-18 00:00:00,37.24
299,2011-05-18 01:00:00,17.16
300,2011-05-18 02:00:00,10.145
301,2011-05-18 03:00:00,3.04
302,2011-05-18 04:00:00,3.66
303,2011-05-18 05:00:00,21.56
304,2011-05-18 06:00:00,80.77
305,2011-05-18 07:00:00,298.39
306,2011-05-18 08:00:00,336.485
307,2011-05-18 09:00:00,183.27
308,2011-05-18 10:00:00,134.9
309,2011-05-18 11:00:00,118.3
310,2011-05-18 12:00:00,152.845
311,2011-05-18 13:00:00,186.605
312,2011-05-18 14:00:00,180.67
313,2011-05-18 15:00:00,191.62
314,2011-05-18 16:00:00,263.195
315,2011-05-18 17:00:00,368.395
316,2011-05-18 18:00:00,349.365
317,2011-05-18 19:00:00,294.065
318,2011-05-18 20:00:00,246.485
319,2011-05-18 21:00:00,157.6
320,2011-05-18 22:00:00,127.09
321,2011-05-18 23:00:00,70.675
322,2011-05-19 00:00:00,36.595
323,2011-05-19 01:00:00,14.79
324,2011-05-19 02:00:00,11.065
325,2011-05-19 03:00:00,4.745
326,2011-05-19 04:00:00,4.525
327,2011-05-19 05:00:00,22.15
328,2011-05-19 06:00:00,110.87
329,2011-05-19 07:00:00,268.245
330,2011-05-19 08:00:00,342.335
331,2011-05-19 09:00:00,208.2
332,2011-05-19 10:00:00,143.72
333,2011-05-19 11:00:00,143.585
334,2011-05-19 12:00:00,181.295
335,2011-05-19 13:00:00,195.065
336,2011-05-19 14:00:00,165.56
337,2011-05-19 15:00:00,189.47
338,2011-05-19 16:00:00,301.915
339,2011-05-19 17:00:00,344.78
340,2011-05-19 18:00:00,434.615
341,2011-05-19 19:00:00,334.505
342,2011-05-19 20:00:00,252.985
343,2011-05-19 21:00:00,145.455
344,2011-05-19 22:00:00,115.465
345,2011-05-19 23:00:00,94.15
346,2011-06-17 00:00:00,33.775
347,2011-06-17 01:00:00,15.11
348,2011-06-17 02:00:00,11.475
349,2011-06-17 03:00:00,4.59
350,2011-06-17 04:00:00,4.285
351,2011-06-17 05:00:00,24.095
352,2011-06-17 06:00:00,114.6
353,2011-06-17 07:00:00,328.785
354,2011-06-17 08:00:00,376.865
355,2011-06-17 09:00:00,203.765
356,2011-06-17 10:00:00,127.725
357,2011-06-17 11:00:00,151.51
358,2011-06-17 12:00:00,199.6
359,2011-06-17 13:00:00,186.44
360,2011-06-17 14:00:00,166.6
361,2011-06-17 15:00:00,172.53
362,2011-06-17 16:00:00,313.23
363,2011-06-17 17:00:00,340.705
364,2011-06-17 18:00:00,339.82
365,2011-06-17 19:00:00,248.205
366,2011-06-17 20:00:00,264.005
367,2011-06-17 21:00:00,213.38
368,2011-06-17 22:00:00,120.875
369,2011-06-17 23:00:00,82.485
370,2011-06-18 00:00:00,119.645
371,2011-06-18 01:00:00,73.915
372,2011-06-18 02:00:00,64.865
373,2011-06-18 03:00:00,31.08
374,2011-06-18 04:00:00,13.43
375,2011-06-18 05:00:00,16.085
376,2011-06-18 06:00:00,66.565
377,2011-06-18 07:00:00,81.025
378,2011-06-18 08:00:00,120.73
379,2011-06-18 09:00:00,209.405
380,2011-06-18 10:00:00,314.85
381,2011-06-18 11:00:00,355.06
382,2011-06-18 12:00:00,400.515
383,2011-06-18 13:00:00,423.125
384,2011-06-18 14:00:00,414.34
385,2011-06-18 15:00:00,415.425
386,2011-06-18 16:00:00,406.995
387,2011-06-18 17:00:00,403.605
388,2011-06-18 18:00:00,367.035
389,2011-06-18 19:00:00,348.805
390,2011-06-18 20:00:00,318.69
391,2011-06-18 21:00:00,222.34
392,2011-06-18 22:00:00,169.075
393,2011-06-18 23:00:00,134.22
394,2011-06-19 00:00:00,109.16
395,2011-06-19 01:00:00,86.275
396,2011-06-19 02:00:00,75.48
397,2011-06-19 03:00:00,36.055
398,2011-06-19 04:00:00,11.415
399,2011-06-19 05:00:00,15.42
400,2011-06-19 06:00:00,50.03
401,2011-06-19 07:00:00,83.73
402,2011-06-19 08:00:00,186.125
403,2011-06-19 09:00:00,212.82
404,2011-06-19 10:00:00,325.845
405,2011-06-19 11:00:00,356.455
406,2011-06-19 12:00:00,409.26
407,2011-06-19 13:00:00,429.49
408,2011-06-19 14:00:00,332.83
409,2011-06-19 15:00:00,416.455
410,2011-06-19 16:00:00,406.25
411,2011-06-19 17:00:00,406.72
412,2011-06-19 18:00:00,343.655
413,2011-06-19 19:00:00,332.12
414,2011-06-19 20:00:00,309.84
415,2011-06-19 21:00:00,219.96
416,2011-06-19 22:00:00,174.78
417,2011-06-19 23:00:00,119.235
418,2011-07-17 00:00:00,116.92
419,2011-07-17 01:00:00,79.625
420,2011-07-17 02:00:00,66.695
421,2011-07-17 03:00:00,34.96
422,2011-07-17 04:00:00,11.205
423,2011-07-17 05:00:00,14.51
424,2011-07-17 06:00:00,47.575
425,2011-07-17 07:00:00,64.715
426,2011-07-17 08:00:00,137.49
427,2011-07-17 09:00:00,204.835
428,2011-07-17 10:00:00,310.81
429,2011-07-17 11:00:00,342.56
430,2011-07-17 12:00:00,395.375
431,2011-07-17 13:00:00,428.625
432,2011-07-17 14:00:00,422.615
433,2011-07-17 15:00:00,428.015
434,2011-07-17 16:00:00,431.305
435,2011-07-17 17:00:00,419.76
436,2011-07-17 18:00:00,416.62
437,2011-07-17 19:00:00,350.605
438,2011-07-17 20:00:00,317.525
439,2011-07-17 21:00:00,234.8
440,2011-07-17 22:00:00,166.1
441,2011-07-17 23:00:00,110.43
442,2011-07-18 00:00:00,41.71
443,2011-07-18 01:00:00,18.98
444,2011-07-18 02:00:00,12.035
445,2011-07-18 03:00:00,6.985
446,2011-07-18 04:00:00,7.68
447,2011-07-18 05:00:00,26.715
448,2011-07-18 06:00:00,119.87
449,2011-07-18 07:00:00,310.355
450,2011-07-18 08:00:00,413.625
451,2011-07-18 09:00:00,199.205
452,2011-07-18 10:00:00,129.105
453,2011-07-18 11:00:00,162.63
454,2011-07-18 12:00:00,177.72
455,2011-07-18 13:00:00,170.055
456,2011-07-18 14:00:00,161.65
457,2011-07-18 15:00:00,152.895
458,2011-07-18 16:00:00,276.035
459,2011-07-18 17:00:00,504.47
460,2011-07-18 18:00:00,493.505
461,2011-07-18 19:00:00,383.39
462,2011-07-18 20:00:00,325.89
463,2011-07-18 21:00:00,234.22
464,2011-07-18 22:00:00,155.305
465,2011-07-18 23:00:00,99.8
466,2011-07-19 00:00:00,47.01
467,2011-07-19 01:00:00,21.535
468,2011-07-19 02:00:00,12.4
469,2011-07-19 03:00:00,5.5
470,2011-07-19 04:00:00,5.85
471,2011-07-19 05:00:00,19.74
472,2011-07-19 06:00:00,118.515
473,2011-07-19 07:00:00,308.965
474,2011-07-19 08:00:00,423.35
475,2011-07-19 09:00:00,220.86
476,2011-07-19 10:00:00,115.495
477,2011-07-19 11:00:00,155.65
478,2011-07-19 12:00:00,154.0
479,2011-07-19 13:00:00,138.91
480,2011-07-19 14:00:00,136.31
481,2011-07-19 15:00:00,143.385
482,2011-07-19 16:00:00,249.4
483,2011-07-19 17:00:00,445.805
484,2011-07-19 18:00:00,455.8
485,2011-07-19 19:00:00,266.31
486,2011-07-19 20:00:00,282.035
487,2011-07-19 21:00:00,234.25
488,2011-07-19 22:00:00,127.685
489,2011-07-19 23:00:00,86.555
490,2011-08-17 00:00:00,47.53
491,2011-08-17 01:00:00,19.37
492,2011-08-17 02:00:00,12.73
493,2011-08-17 03:00:00,6.33
494,2011-08-17 04:00:00,6.605
495,2011-08-17 05:00:00,25.965
496,2011-08-17 06:00:00,116.23
497,2011-08-17 07:00:00,298.04
498,2011-08-17 08:00:00,414.67
499,2011-08-17 09:00:00,203.565
500,2011-08-17 10:00:00,130.5
501,2011-08-17 11:00:00,164.875
502,2011-08-17 12:00:00,189.075
503,2011-08-17 13:00:00,187.765
504,2011-08-17 14:00:00,174.25
505,2011-08-17 15:00:00,189.675
506,2011-08-17 16:00:00,306.65
507,2011-08-17 17:00:00,531.8
508,2011-08-17 18:00:00,529.835
509,2011-08-17 19:00:00,389.855
510,2011-08-17 20:00:00,306.005
511,2011-08-17 21:00:00,216.72
512,2011-08-17 22:00:00,173.46
513,2011-08-17 23:00:00,104.865
514,2011-08-18 00:00:00,47.5
515,2011-08-18 01:00:00,18.915
516,2011-08-18 02:00:00,12.76
517,2011-08-18 03:00:00,5.595
518,2011-08-18 04:00:00,6.46
519,2011-08-18 05:00:00,27.835
520,2011-08-18 06:00:00,114.95
521,2011-08-18 07:00:00,300.61
522,2011-08-18 08:00:00,405.355
523,2011-08-18 09:00:00,197.51
524,2011-08-18 10:00:00,121.7
525,2011-08-18 11:00:00,155.825
526,2011-08-18 12:00:00,180.365
527,2011-08-18 13:00:00,181.32
528,2011-08-18 14:00:00,165.775
529,2011-08-18 15:00:00,185.455
530,2011-08-18 16:00:00,302.815
531,2011-08-18 17:00:00,328.02
532,2011-08-18 18:00:00,309.52
533,2011-08-18 19:00:00,284.26
534,2011-08-18 20:00:00,256.29
535,2011-08-18 21:00:00,193.52
536,2011-08-18 22:00:00,138.635
537,2011-08-18 23:00:00,92.94
538,2011-08-19 00:00:00,53.87
539,2011-08-19 01:00:00,15.1
540,2011-08-19 02:00:00,9.695
541,2011-08-19 03:00:00,6.33
542,2011-08-19 04:00:00,5.73
543,2011-08-19 05:00:00,27.405
544,2011-08-19 06:00:00,115.875
545,2011-08-19 07:00:00,293.09
546,2011-08-19 08:00:00,367.375
547,2011-08-19 09:00:00,205.755
548,2011-08-19 10:00:00,130.2
549,2011-08-19 11:00:00,158.03
550,2011-08-19 12:00:00,184.81
551,2011-08-19 13:00:00,182.64
552,2011-08-19 14:00:00,162.385
553,2011-08-19 15:00:00,182.945
554,2011-08-19 16:00:00,297.825
555,2011-08-19 17:00:00,528.285
556,2011-08-19 18:00:00,518.445
557,2011-08-19 19:00:00,268.25
558,2011-08-19 20:00:00,191.195
559,2011-08-19 21:00:00,181.595
560,2011-08-19 22:00:00,118.66
561,2011-08-19 23:00:00,61.305
562,2011-09-17 00:00:00,99.865
563,2011-09-17 01:00:00,72.175
564,2011-09-17 02:00:00,61.215
565,2011-09-17 03:00:00,25.695
566,2011-09-17 04:00:00,8.845
567,2011-09-17 05:00:00,15.925
568,2011-09-17 06:00:00,33.37
569,2011-09-17 07:00:00,63.19
570,2011-09-17 08:00:00,125.36
571,2011-09-17 09:00:00,186.43
572,2011-09-17 10:00:00,256.72
573,2011-09-17 11:00:00,274.825
574,2011-09-17 12:00:00,296.045
575,2011-09-17 13:00:00,280.81
576,2011-09-17 14:00:00,270.975
577,2011-09-17 15:00:00,265.01
578,2011-09-17 16:00:00,309.67
579,2011-09-17 17:00:00,265.545
580,2011-09-17 18:00:00,250.72
581,2011-09-17 19:00:00,248.505
582,2011-09-17 20:00:00,220.8
583,2011-09-17 21:00:00,154.765
584,2011-09-17 22:00:00,144.06
585,2011-09-17 23:00:00,77.2
586,2011-09-18 00:00:00,100.965
587,2011-09-18 01:00:00,71.695
588,2011-09-18 02:00:00,55.755
589,2011-09-18 03:00:00,25.165
590,2011-09-18 04:00:00,11.195
591,2011-09-18 05:00:00,17.64
592,2011-09-18 06:00:00,37.27
593,2011-09-18 07:00:00,69.25
594,2011-09-18 08:00:00,148.34
595,2011-09-18 09:00:00,186.005
596,2011-09-18 10:00:00,244.94
597,2011-09-18 11:00:00,279.85
598,2011-09-18 12:00:00,333.085
599,2011-09-18 13:00:00,374.485
600,2011-09-18 14:00:00,397.845
601,2011-09-18 15:00:00,394.25
602,2011-09-18 16:00:00,342.035
603,2011-09-18 17:00:00,341.88
604,2011-09-18 18:00:00,323.855
605,2011-09-18 19:00:00,262.79
606,2011-09-18 20:00:00,234.14
607,2011-09-18 21:00:00,155.215
608,2011-09-18 22:00:00,135.95
609,2011-09-18 23:00:00,82.33
610,2011-09-19 00:00:00,49.165
611,2011-09-19 01:00:00,21.925
612,2011-09-19 02:00:00,13.27
613,2011-09-19 03:00:00,5.685
614,2011-09-19 04:00:00,6.1
615,2011-09-19 05:00:00,19.345
616,2011-09-19 06:00:00,109.93
617,2011-09-19 07:00:00,280.52
618,2011-09-19 08:00:00,391.775
619,2011-09-19 09:00:00,224.79
620,2011-09-19 10:00:00,137.425
621,2011-09-19 11:00:00,148.23
622,2011-09-19 12:00:00,211.08
623,2011-09-19 13:00:00,217.585
624,2011-09-19 14:00:00,196.93
625,2011-09-19 15:00:00,199.975
626,2011-09-19 16:00:00,322.945
627,2011-09-19 17:00:00,449.41
628,2011-09-19 18:00:00,391.11
629,2011-09-19 19:00:00,304.14
630,2011-09-19 20:00:00,257.36
631,2011-09-19 21:00:00,176.08
632,2011-09-19 22:00:00,144.345
633,2011-09-19 23:00:00,68.97
634,2011-10-17 00:00:00,41.925
635,2011-10-17 01:00:00,18.65
636,2011-10-17 02:00:00,13.26
637,2011-10-17 03:00:00,6.605
638,2011-10-17 04:00:00,5.415
639,2011-10-17 05:00:00,27.495
640,2011-10-17 06:00:00,109.665
641,2011-10-17 07:00:00,294.63
642,2011-10-17 08:00:00,434.745
643,2011-10-17 09:00:00,223.655
644,2011-10-17 10:00:00,134.33
645,2011-10-17 11:00:00,175.91
646,2011-10-17 12:00:00,217.695
647,2011-10-17 13:00:00,211.69
648,2011-10-17 14:00:00,202.14
649,2011-10-17 15:00:00,200.43
650,2011-10-17 16:00:00,299.35
651,2011-10-17 17:00:00,453.805
652,2011-10-17 18:00:00,432.085
653,2011-10-17 19:00:00,298.74
654,2011-10-17 20:00:00,243.78
655,2011-10-17 21:00:00,171.61
656,2011-10-17 22:00:00,140.885
657,2011-10-17 23:00:00,95.325
658,2011-10-18 00:00:00,41.47
659,2011-10-18 01:00:00,10.405
660,2011-10-18 02:00:00,10.155
661,2011-10-18 03:00:00,6.375
662,2011-10-18 04:00:00,4.755
663,2011-10-18 05:00:00,19.195
664,2011-10-18 06:00:00,113.65
665,2011-10-18 07:00:00,310.59
666,2011-10-18 08:00:00,396.005
667,2011-10-18 09:00:00,218.635
668,2011-10-18 10:00:00,156.735
669,2011-10-18 11:00:00,162.215
670,2011-10-18 12:00:00,225.44
671,2011-10-18 13:00:00,210.525
672,2011-10-18 14:00:00,209.42
673,2011-10-18 15:00:00,209.49
674,2011-10-18 16:00:00,319.64
675,2011-10-18 17:00:00,479.3
676,2011-10-18 18:00:00,398.07
677,2011-10-18 19:00:00,302.8
678,2011-10-18 20:00:00,264.8
679,2011-10-18 21:00:00,169.455
680,2011-10-18 22:00:00,140.475
681,2011-10-18 23:00:00,64.155
682,2011-10-19 00:00:00,39.995
683,2011-10-19 01:00:00,17.14
684,2011-10-19 02:00:00,16.205
685,2011-10-19 04:00:00,4.54
686,2011-10-19 05:00:00,15.44
687,2011-10-19 06:00:00,95.18
688,2011-10-19 07:00:00,178.13
689,2011-10-19 08:00:00,331.14
690,2011-10-19 09:00:00,150.895
691,2011-10-19 10:00:00,128.29
692,2011-10-19 11:00:00,99.86
693,2011-10-19 12:00:00,95.445
694,2011-10-19 13:00:00,135.355
695,2011-10-19 14:00:00,85.845
696,2011-10-19 15:00:00,112.185
697,2011-10-19 16:00:00,150.895
698,2011-10-19 17:00:00,176.52
699,2011-10-19 18:00:00,175.84
700,2011-10-19 19:00:00,241.455
701,2011-10-19 20:00:00,125.435
702,2011-10-19 21:00:00,119.355
703,2011-10-19 22:00:00,90.105
704,2011-10-19 23:00:00,53.605
705,2011-11-17 00:00:00,34.055
706,2011-11-17 01:00:00,13.825
707,2011-11-17 02:00:00,8.165
708,2011-11-17 03:00:00,5.87
709,2011-11-17 04:00:00,5.365
710,2011-11-17 05:00:00,19.365
711,2011-11-17 06:00:00,85.705
712,2011-11-17 07:00:00,176.315
713,2011-11-17 08:00:00,236.755
714,2011-11-17 09:00:00,230.735
715,2011-11-17 10:00:00,139.49
716,2011-11-17 11:00:00,120.065
717,2011-11-17 12:00:00,160.14
718,2011-11-17 13:00:00,168.72
719,2011-11-17 14:00:00,164.81
720,2011-11-17 15:00:00,176.04
721,2011-11-17 16:00:00,231.16
722,2011-11-17 17:00:00,349.81
723,2011-11-17 18:00:00,334.365
724,2011-11-17 19:00:00,232.01
725,2011-11-17 20:00:00,167.795
726,2011-11-17 21:00:00,122.705
727,2011-11-17 22:00:00,86.35
728,2011-11-17 23:00:00,72.805
729,2011-11-18 00:00:00,30.875
730,2011-11-18 01:00:00,17.015
731,2011-11-18 02:00:00,12.39
732,2011-11-18 03:00:00,7.12
733,2011-11-18 04:00:00,7.31
734,2011-11-18 05:00:00,18.73
735,2011-11-18 06:00:00,98.285
736,2011-11-18 07:00:00,251.795
737,2011-11-18 08:00:00,357.91
738,2011-11-18 09:00:00,224.45
739,2011-11-18 10:00:00,136.34
740,2011-11-18 11:00:00,150.91
741,2011-11-18 12:00:00,185.88
742,2011-11-18 13:00:00,160.305
743,2011-11-18 14:00:00,160.235
744,2011-11-18 15:00:00,169.865
745,2011-11-18 16:00:00,251.145
746,2011-11-18 17:00:00,347.285
747,2011-11-18 18:00:00,335.05
748,2011-11-18 19:00:00,217.84
749,2011-11-18 20:00:00,158.755
750,2011-11-18 21:00:00,115.83
751,2011-11-18 22:00:00,86.48
752,2011-11-18 23:00:00,71.195
753,2011-11-19 00:00:00,86.17
754,2011-11-19 01:00:00,65.41
755,2011-11-19 02:00:00,44.62
756,2011-11-19 03:00:00,21.41
757,2011-11-19 04:00:00,6.63
758,2011-11-19 05:00:00,5.11
759,2011-11-19 06:00:00,26.21
760,2011-11-19 07:00:00,65.395
761,2011-11-19 08:00:00,134.305
762,2011-11-19 09:00:00,162.925
763,2011-11-19 10:00:00,206.955
764,2011-11-19 11:00:00,246.36
765,2011-11-19 12:00:00,293.18
766,2011-11-19 13:00:00,297.45
767,2011-11-19 14:00:00,298.255
768,2011-11-19 15:00:00,295.035
769,2011-11-19 16:00:00,301.885
770,2011-11-19 17:00:00,291.465
771,2011-11-19 18:00:00,263.68
772,2011-11-19 19:00:00,212.995
773,2011-11-19 20:00:00,175.635
774,2011-11-19 21:00:00,100.69
775,2011-11-19 22:00:00,109.585
776,2011-11-19 23:00:00,79.795
777,2011-12-17 00:00:00,80.3
778,2011-12-17 01:00:00,68.525
779,2011-12-17 02:00:00,51.305
780,2011-12-17 03:00:00,22.895
781,2011-12-17 04:00:00,5.83
782,2011-12-17 05:00:00,4.97
783,2011-12-17 06:00:00,21.605
784,2011-12-17 07:00:00,70.63
785,2011-12-17 08:00:00,136.78
786,2011-12-17 09:00:00,153.915
787,2011-12-17 10:00:00,193.595
788,2011-12-17 11:00:00,211.235
789,2011-12-17 12:00:00,233.19
790,2011-12-17 13:00:00,229.8
791,2011-12-17 14:00:00,236.73
792,2011-12-17 15:00:00,224.33
793,2011-12-17 16:00:00,220.22
794,2011-12-17 17:00:00,235.595
795,2011-12-17 18:00:00,219.62
796,2011-12-17 19:00:00,156.795
797,2011-12-17 20:00:00,122.955
798,2011-12-17 21:00:00,77.58
799,2011-12-17 22:00:00,70.935
800,2011-12-17 23:00:00,51.44
801,2011-12-18 00:00:00,79.76
802,2011-12-18 01:00:00,72.755
803,2011-12-18 02:00:00,52.415
804,2011-12-18 03:00:00,20.53
805,2011-12-18 04:00:00,5.86
806,2011-12-18 05:00:00,5.9
807,2011-12-18 06:00:00,24.095
808,2011-12-18 07:00:00,90.695
809,2011-12-18 08:00:00,136.41
810,2011-12-18 09:00:00,147.485
811,2011-12-18 10:00:00,184.78
812,2011-12-18 11:00:00,198.925
813,2011-12-18 12:00:00,231.66
814,2011-12-18 13:00:00,232.88
815,2011-12-18 14:00:00,243.815
816,2011-12-18 15:00:00,249.305
817,2011-12-18 16:00:00,217.955
818,2011-12-18 17:00:00,238.82
819,2011-12-18 18:00:00,229.455
820,2011-12-18 19:00:00,187.01
821,2011-12-18 20:00:00,130.6
822,2011-12-18 21:00:00,76.115
823,2011-12-18 22:00:00,71.155
824,2011-12-18 23:00:00,54.55
825,2011-12-19 00:00:00,27.965
826,2011-12-19 01:00:00,9.54
827,2011-12-19 02:00:00,7.575
828,2011-12-19 03:00:00,4.17
829,2011-12-19 04:00:00,4.35
830,2011-12-19 05:00:00,18.87
831,2011-12-19 06:00:00,102.725
832,2011-12-19 07:00:00,257.665
833,2011-12-19 08:00:00,362.075
834,2011-12-19 09:00:00,257.03
835,2011-12-19 10:00:00,138.68
836,2011-12-19 11:00:00,134.77
837,2011-12-19 12:00:00,163.285
838,2011-12-19 13:00:00,154.525
839,2011-12-19 14:00:00,162.645
840,2011-12-19 15:00:00,176.185
841,2011-12-19 16:00:00,218.845
842,2011-12-19 17:00:00,382.545
843,2011-12-19 18:00:00,367.495
844,2011-12-19 19:00:00,254.0
845,2011-12-19 20:00:00,208.645
846,2011-12-19 21:00:00,140.1
847,2011-12-19 22:00:00,106.56
848,2011-12-19 23:00:00,76.42
849,2012-01-17 00:00:00,20.33
850,2012-01-17 01:00:00,12.28
851,2012-01-17 02:00:00,4.66
852,2012-01-17 04:00:00,3.435
853,2012-01-17 05:00:00,23.88
854,2012-01-17 06:00:00,90.32
855,2012-01-17 07:00:00,227.975
856,2012-01-17 08:00:00,392.62
857,2012-01-17 09:00:00,141.265
858,2012-01-17 10:00:00,102.895
859,2012-01-17 11:00:00,125.415
860,2012-01-17 12:00:00,138.255
861,2012-01-17 13:00:00,169.17
862,2012-01-17 14:00:00,164.28
863,2012-01-17 15:00:00,164.625
864,2012-01-17 16:00:00,256.58
865,2012-01-17 17:00:00,287.125
866,2012-01-17 18:00:00,284.67
867,2012-01-17 19:00:00,275.435
868,2012-01-17 20:00:00,248.92
869,2012-01-17 21:00:00,179.39
870,2012-01-17 22:00:00,139.73
871,2012-01-17 23:00:00,87.825
872,2012-01-18 00:00:00,49.57
873,2012-01-18 01:00:00,21.895
874,2012-01-18 02:00:00,11.58
875,2012-01-18 03:00:00,8.475
876,2012-01-18 04:00:00,6.8
877,2012-01-18 05:00:00,20.28
878,2012-01-18 06:00:00,88.21
879,2012-01-18 07:00:00,282.035
880,2012-01-18 08:00:00,454.265
881,2012-01-18 09:00:00,212.66
882,2012-01-18 10:00:00,153.28
883,2012-01-18 11:00:00,157.59
884,2012-01-18 12:00:00,163.255
885,2012-01-18 13:00:00,162.855
886,2012-01-18 14:00:00,164.735
887,2012-01-18 15:00:00,168.135
888,2012-01-18 16:00:00,188.4
889,2012-01-18 17:00:00,220.38
890,2012-01-18 18:00:00,231.205
891,2012-01-18 19:00:00,199.445
892,2012-01-18 20:00:00,163.63
893,2012-01-18 21:00:00,73.53
894,2012-01-18 22:00:00,56.475
895,2012-01-18 23:00:00,38.57
896,2012-01-19 00:00:00,16.485
897,2012-01-19 01:00:00,5.995
898,2012-01-19 02:00:00,2.405
899,2012-01-19 03:00:00,1.725
900,2012-01-19 04:00:00,1.945
901,2012-01-19 05:00:00,18.045
902,2012-01-19 06:00:00,77.44
903,2012-01-19 07:00:00,231.185
904,2012-01-19 08:00:00,391.065
905,2012-01-19 09:00:00,199.155
906,2012-01-19 10:00:00,112.38
907,2012-01-19 11:00:00,118.01
908,2012-01-19 12:00:00,127.26
909,2012-01-19 13:00:00,150.485
910,2012-01-19 14:00:00,144.945
911,2012-01-19 15:00:00,174.14
912,2012-01-19 16:00:00,184.04
913,2012-01-19 17:00:00,212.885
914,2012-01-19 18:00:00,222.845
915,2012-01-19 19:00:00,207.085
916,2012-01-19 20:00:00,166.845
917,2012-01-19 21:00:00,90.67
918,2012-01-19 22:00:00,84.87
919,2012-01-19 23:00:00,51.295
920,2012-02-17 00:00:00,36.205
921,2012-02-17 01:00:00,7.01
922,2012-02-17 02:00:00,5.11
923,2012-02-17 03:00:00,3.46
924,2012-02-17 04:00:00,2.95
925,2012-02-17 05:00:00,23.085
926,2012-02-17 06:00:00,92.99
927,2012-02-17 07:00:00,281.59
928,2012-02-17 08:00:00,449.795
929,2012-02-17 09:00:00,220.86
930,2012-02-17 10:00:00,133.7
931,2012-02-17 11:00:00,153.725
932,2012-02-17 12:00:00,161.175
933,2012-02-17 13:00:00,154.85
934,2012-02-17 14:00:00,144.155
935,2012-02-17 15:00:00,162.91
936,2012-02-17 16:00:00,308.655
937,2012-02-17 17:00:00,440.535
938,2012-02-17 18:00:00,405.43
939,2012-02-17 19:00:00,313.75
940,2012-02-17 20:00:00,235.15
941,2012-02-17 21:00:00,163.31
942,2012-02-17 22:00:00,120.935
943,2012-02-17 23:00:00,72.065
944,2012-02-18 00:00:00,57.865
945,2012-02-18 01:00:00,50.045
946,2012-02-18 02:00:00,29.21
947,2012-02-18 03:00:00,20.64
948,2012-02-18 04:00:00,7.285
949,2012-02-18 05:00:00,5.55
950,2012-02-18 06:00:00,12.805
951,2012-02-18 07:00:00,65.065
952,2012-02-18 08:00:00,76.355
953,2012-02-18 09:00:00,132.89
954,2012-02-18 10:00:00,177.655
955,2012-02-18 11:00:00,205.955
956,2012-02-18 12:00:00,299.375
957,2012-02-18 13:00:00,359.145
958,2012-02-18 14:00:00,394.15
959,2012-02-18 15:00:00,387.59
960,2012-02-18 16:00:00,351.16
961,2012-02-18 17:00:00,394.5
962,2012-02-18 18:00:00,368.415
963,2012-02-18 19:00:00,274.46
964,2012-02-18 20:00:00,219.2
965,2012-02-18 21:00:00,156.94
966,2012-02-18 22:00:00,112.78
967,2012-02-18 23:00:00,74.82
968,2012-02-19 00:00:00,52.51
969,2012-02-19 01:00:00,46.245
970,2012-02-19 02:00:00,31.67
971,2012-02-19 03:00:00,23.52
972,2012-02-19 04:00:00,6.21
973,2012-02-19 05:00:00,5.585
974,2012-02-19 06:00:00,12.415
975,2012-02-19 07:00:00,43.45
976,2012-02-19 08:00:00,69.515
977,2012-02-19 09:00:00,126.9
978,2012-02-19 10:00:00,163.81
979,2012-02-19 11:00:00,179.935
980,2012-02-19 12:00:00,199.54
981,2012-02-19 13:00:00,212.95
982,2012-02-19 14:00:00,236.695
983,2012-02-19 15:00:00,206.84
984,2012-02-19 16:00:00,214.92
985,2012-02-19 17:00:00,210.46
986,2012-02-19 18:00:00,203.685
987,2012-02-19 19:00:00,165.48
988,2012-02-19 20:00:00,150.68
989,2012-02-19 21:00:00,83.825
990,2012-02-19 22:00:00,84.785
991,2012-02-19 23:00:00,59.43
992,2012-03-17 00:00:00,71.56
993,2012-03-17 01:00:00,55.57
994,2012-03-17 02:00:00,35.225
995,2012-03-17 03:00:00,24.51
996,2012-03-17 04:00:00,9.005
997,2012-03-17 05:00:00,7.665
998,2012-03-17 06:00:00,22.97
999,2012-03-17 07:00:00,225.175
1000,2012-03-17 08:00:00,298.455
1001,2012-03-17 09:00:00,268.4
1002,2012-03-17 10:00:00,273.19
1003,2012-03-17 11:00:00,295.345
1004,2012-03-17 12:00:00,329.175
1005,2012-03-17 13:00:00,326.73
1006,2012-03-17 14:00:00,394.97
1007,2012-03-17 15:00:00,408.305
1008,2012-03-17 16:00:00,383.245
1009,2012-03-17 17:00:00,380.705
1010,2012-03-17 18:00:00,343.92
1011,2012-03-17 19:00:00,303.71
1012,2012-03-17 20:00:00,274.285
1013,2012-03-17 21:00:00,183.715
1014,2012-03-17 22:00:00,171.565
1015,2012-03-17 23:00:00,104.4
1016,2012-03-18 00:00:00,72.565
1017,2012-03-18 01:00:00,61.59
1018,2012-03-18 02:00:00,35.74
1019,2012-03-18 03:00:00,25.04
1020,2012-03-18 04:00:00,6.585
1021,2012-03-18 05:00:00,7.545
1022,2012-03-18 06:00:00,20.815
1023,2012-03-18 07:00:00,151.875
1024,2012-03-18 08:00:00,317.085
1025,2012-03-18 09:00:00,266.49
1026,2012-03-18 10:00:00,252.665
1027,2012-03-18 11:00:00,280.64
1028,2012-03-18 12:00:00,285.4
1029,2012-03-18 13:00:00,281.17
1030,2012-03-18 14:00:00,326.675
1031,2012-03-18 15:00:00,342.955
1032,2012-03-18 16:00:00,298.82
1033,2012-03-18 17:00:00,344.7
1034,2012-03-18 18:00:00,339.685
1035,2012-03-18 19:00:00,315.63
1036,2012-03-18 20:00:00,234.27
1037,2012-03-18 21:00:00,173.385
1038,2012-03-18 22:00:00,147.005
1039,2012-03-18 23:00:00,103.12
1040,2012-03-19 00:00:00,59.745
1041,2012-03-19 01:00:00,21.015
1042,2012-03-19 02:00:00,9.665
1043,2012-03-19 03:00:00,8.515
1044,2012-03-19 04:00:00,9.55
1045,2012-03-19 05:00:00,25.75
1046,2012-03-19 06:00:00,113.725
1047,2012-03-19 07:00:00,365.075
1048,2012-03-19 08:00:00,433.325
1049,2012-03-19 09:00:00,324.99
1050,2012-03-19 10:00:00,182.095
1051,2012-03-19 11:00:00,210.695
1052,2012-03-19 12:00:00,241.225
1053,2012-03-19 13:00:00,241.805
1054,2012-03-19 14:00:00,246.27
1055,2012-03-19 15:00:00,242.94
1056,2012-03-19 16:00:00,305.475
1057,2012-03-19 17:00:00,156.13
1058,2012-03-19 18:00:00,160.68
1059,2012-03-19 19:00:00,324.92
1060,2012-03-19 20:00:00,327.48
1061,2012-03-19 21:00:00,292.29
1062,2012-03-19 22:00:00,154.515
1063,2012-03-19 23:00:00,97.93
1064,2012-04-17 00:00:00,62.65
1065,2012-04-17 01:00:00,24.465
1066,2012-04-17 02:00:00,10.9
1067,2012-04-17 03:00:00,7.89
1068,2012-04-17 04:00:00,9.365
1069,2012-04-17 05:00:00,25.065
1070,2012-04-17 06:00:00,113.7
1071,2012-04-17 07:00:00,399.155
1072,2012-04-17 08:00:00,380.405
1073,2012-04-17 09:00:00,319.125
1074,2012-04-17 10:00:00,203.505
1075,2012-04-17 11:00:00,248.935
1076,2012-04-17 12:00:00,319.75
1077,2012-04-17 13:00:00,326.58
1078,2012-04-17 14:00:00,324.83
1079,2012-04-17 15:00:00,364.45
1080,2012-04-17 16:00:00,404.665
1081,2012-04-17 17:00:00,144.69
1082,2012-04-17 18:00:00,169.1
1083,2012-04-17 19:00:00,340.565
1084,2012-04-17 20:00:00,322.375
1085,2012-04-17 21:00:00,237.17
1086,2012-04-17 22:00:00,178.845
1087,2012-04-17 23:00:00,134.145
1088,2012-04-18 00:00:00,57.24
1089,2012-04-18 01:00:00,22.56
1090,2012-04-18 02:00:00,11.005
1091,2012-04-18 03:00:00,8.135
1092,2012-04-18 04:00:00,8.53
1093,2012-04-18 05:00:00,25.21
1094,2012-04-18 06:00:00,112.68
1095,2012-04-18 07:00:00,372.695
1096,2012-04-18 08:00:00,298.905
1097,2012-04-18 09:00:00,251.625
1098,2012-04-18 10:00:00,184.215
1099,2012-04-18 11:00:00,213.51
1100,2012-04-18 12:00:00,216.495
1101,2012-04-18 13:00:00,209.61
1102,2012-04-18 14:00:00,167.0
1103,2012-04-18 15:00:00,181.375
1104,2012-04-18 16:00:00,295.49
1105,2012-04-18 17:00:00,290.545
1106,2012-04-18 18:00:00,287.27
1107,2012-04-18 19:00:00,248.665
1108,2012-04-18 20:00:00,257.98
1109,2012-04-18 21:00:00,160.335
1110,2012-04-18 22:00:00,142.55
1111,2012-04-18 23:00:00,140.55
1112,2012-04-19 00:00:00,52.575
1113,2012-04-19 01:00:00,17.235
1114,2012-04-19 02:00:00,8.69
1115,2012-04-19 03:00:00,6.315
1116,2012-04-19 04:00:00,6.835
1117,2012-04-19 05:00:00,24.6
1118,2012-04-19 06:00:00,103.76
1119,2012-04-19 07:00:00,334.025
1120,2012-04-19 08:00:00,310.67
1121,2012-04-19 09:00:00,326.385
1122,2012-04-19 10:00:00,187.18
1123,2012-04-19 11:00:00,251.5
1124,2012-04-19 12:00:00,305.695
1125,2012-04-19 13:00:00,307.81
1126,2012-04-19 14:00:00,305.83
1127,2012-04-19 15:00:00,304.4
1128,2012-04-19 16:00:00,375.78
1129,2012-04-19 17:00:00,97.155
1130,2012-04-19 18:00:00,104.495
1131,2012-04-19 19:00:00,363.17
1132,2012-04-19 20:00:00,331.215
1133,2012-04-19 21:00:00,216.175
1134,2012-04-19 22:00:00,167.04
1135,2012-04-19 23:00:00,145.18
1136,2012-05-17 00:00:00,66.915
1137,2012-05-17 01:00:00,27.785
1138,2012-05-17 02:00:00,21.46
1139,2012-05-17 03:00:00,4.46
1140,2012-05-17 04:00:00,4.995
1141,2012-05-17 05:00:00,26.235
1142,2012-05-17 06:00:00,155.675
1143,2012-05-17 07:00:00,436.58
1144,2012-05-17 08:00:00,434.01
1145,2012-05-17 09:00:00,329.83
1146,2012-05-17 10:00:00,198.06
1147,2012-05-17 11:00:00,252.195
1148,2012-05-17 12:00:00,326.45
1149,2012-05-17 13:00:00,330.26
1150,2012-05-17 14:00:00,321.085
1151,2012-05-17 15:00:00,319.15
1152,2012-05-17 16:00:00,416.595
1153,2012-05-17 17:00:00,46.435
1154,2012-05-17 18:00:00,92.895
1155,2012-05-17 19:00:00,412.215
1156,2012-05-17 20:00:00,361.445
1157,2012-05-17 21:00:00,248.38
1158,2012-05-17 22:00:00,198.205
1159,2012-05-17 23:00:00,168.795
1160,2012-05-18 00:00:00,50.72
1161,2012-05-18 01:00:00,26.58
1162,2012-05-18 02:00:00,13.17
1163,2012-05-18 03:00:00,5.91
1164,2012-05-18 04:00:00,5.12
1165,2012-05-18 05:00:00,26.14
1166,2012-05-18 06:00:00,152.515
1167,2012-05-18 07:00:00,390.875
1168,2012-05-18 08:00:00,309.585
1169,2012-05-18 09:00:00,328.865
1170,2012-05-18 10:00:00,205.055
1171,2012-05-18 11:00:00,258.6
1172,2012-05-18 12:00:00,329.185
1173,2012-05-18 13:00:00,334.235
1174,2012-05-18 14:00:00,301.815
1175,2012-05-18 15:00:00,330.875
1176,2012-05-18 16:00:00,422.615
1177,2012-05-18 17:00:00,43.075
1178,2012-05-18 18:00:00,82.36
1179,2012-05-18 19:00:00,438.3
1180,2012-05-18 20:00:00,374.17
1181,2012-05-18 21:00:00,315.805
1182,2012-05-18 22:00:00,194.88
1183,2012-05-18 23:00:00,166.98
1184,2012-05-19 00:00:00,151.39
1185,2012-05-19 01:00:00,101.645
1186,2012-05-19 02:00:00,82.335
1187,2012-05-19 03:00:00,36.63
1188,2012-05-19 04:00:00,10.85
1189,2012-05-19 05:00:00,13.74
1190,2012-05-19 06:00:00,47.02
1191,2012-05-19 07:00:00,131.595
1192,2012-05-19 08:00:00,216.705
1193,2012-05-19 09:00:00,332.29
1194,2012-05-19 10:00:00,364.315
1195,2012-05-19 11:00:00,419.785
1196,2012-05-19 12:00:00,314.49
1197,2012-05-19 13:00:00,464.045
1198,2012-05-19 14:00:00,528.455
1199,2012-05-19 15:00:00,532.5
1200,2012-05-19 16:00:00,489.79
1201,2012-05-19 17:00:00,457.205
1202,2012-05-19 18:00:00,429.73
1203,2012-05-19 19:00:00,421.56
1204,2012-05-19 20:00:00,341.99
1205,2012-05-19 21:00:00,253.675
1206,2012-05-19 22:00:00,206.47
1207,2012-05-19 23:00:00,155.62
1208,2012-06-17 00:00:00,149.42
1209,2012-06-17 01:00:00,109.6
1210,2012-06-17 02:00:00,88.97
1211,2012-06-17 03:00:00,32.545
1212,2012-06-17 04:00:00,10.63
1213,2012-06-17 05:00:00,16.025
1214,2012-06-17 06:00:00,61.735
1215,2012-06-17 07:00:00,100.29
1216,2012-06-17 08:00:00,216.42
1217,2012-06-17 09:00:00,320.975
1218,2012-06-17 10:00:00,345.285
1219,2012-06-17 11:00:00,451.27
1220,2012-06-17 12:00:00,343.23
1221,2012-06-17 13:00:00,419.62
1222,2012-06-17 14:00:00,373.835
1223,2012-06-17 15:00:00,482.91
1224,2012-06-17 16:00:00,466.64
1225,2012-06-17 17:00:00,458.32
1226,2012-06-17 18:00:00,460.825
1227,2012-06-17 19:00:00,392.145
1228,2012-06-17 20:00:00,328.455
1229,2012-06-17 21:00:00,260.545
1230,2012-06-17 22:00:00,223.075
1231,2012-06-17 23:00:00,155.615
1232,2012-06-18 00:00:00,62.835
1233,2012-06-18 01:00:00,31.92
1234,2012-06-18 02:00:00,18.41
1235,2012-06-18 03:00:00,5.43
1236,2012-06-18 04:00:00,6.08
1237,2012-06-18 05:00:00,36.7
1238,2012-06-18 06:00:00,105.945
1239,2012-06-18 07:00:00,125.02
1240,2012-06-18 08:00:00,274.255
1241,2012-06-18 09:00:00,331.99
1242,2012-06-18 10:00:00,123.405
1243,2012-06-18 11:00:00,213.79
1244,2012-06-18 12:00:00,192.495
1245,2012-06-18 13:00:00,226.18
1246,2012-06-18 14:00:00,263.915
1247,2012-06-18 15:00:00,262.115
1248,2012-06-18 16:00:00,341.73
1249,2012-06-18 17:00:00,154.715
1250,2012-06-18 18:00:00,159.39
1251,2012-06-18 19:00:00,357.66
1252,2012-06-18 20:00:00,338.28
1253,2012-06-18 21:00:00,239.295
1254,2012-06-18 22:00:00,212.375
1255,2012-06-18 23:00:00,111.165
1256,2012-06-19 00:00:00,61.67
1257,2012-06-19 01:00:00,24.615
1258,2012-06-19 02:00:00,19.44
1259,2012-06-19 03:00:00,6.53
1260,2012-06-19 04:00:00,6.46
1261,2012-06-19 05:00:00,37.43
1262,2012-06-19 06:00:00,157.26
1263,2012-06-19 07:00:00,429.97
1264,2012-06-19 08:00:00,64.21
1265,2012-06-19 09:00:00,349.095
1266,2012-06-19 10:00:00,196.575
1267,2012-06-19 11:00:00,246.98
1268,2012-06-19 12:00:00,329.155
1269,2012-06-19 13:00:00,286.1
1270,2012-06-19 14:00:00,272.99
1271,2012-06-19 15:00:00,280.295
1272,2012-06-19 16:00:00,448.92
1273,2012-06-19 17:00:00,89.21
1274,2012-06-19 18:00:00,138.435
1275,2012-06-19 19:00:00,517.65
1276,2012-06-19 20:00:00,441.985
1277,2012-06-19 21:00:00,328.99
1278,2012-06-19 22:00:00,235.145
1279,2012-06-19 23:00:00,133.44
1280,2012-07-17 00:00:00,51.06
1281,2012-07-17 01:00:00,23.005
1282,2012-07-17 02:00:00,12.435
1283,2012-07-17 03:00:00,7.32
1284,2012-07-17 04:00:00,7.625
1285,2012-07-17 05:00:00,44.79
1286,2012-07-17 06:00:00,148.12
1287,2012-07-17 07:00:00,446.76
1288,2012-07-17 08:00:00,351.2
1289,2012-07-17 09:00:00,317.485
1290,2012-07-17 10:00:00,233.38
1291,2012-07-17 11:00:00,237.655
1292,2012-07-17 12:00:00,294.4
1293,2012-07-17 13:00:00,274.7
1294,2012-07-17 14:00:00,286.255
1295,2012-07-17 15:00:00,270.05
1296,2012-07-17 16:00:00,435.955
1297,2012-07-17 17:00:00,229.97
1298,2012-07-17 18:00:00,360.37
1299,2012-07-17 19:00:00,391.125
1300,2012-07-17 20:00:00,395.05
1301,2012-07-17 21:00:00,332.41
1302,2012-07-17 22:00:00,291.77
1303,2012-07-17 23:00:00,167.885
1304,2012-07-18 00:00:00,67.25
1305,2012-07-18 01:00:00,30.06
1306,2012-07-18 02:00:00,12.725
1307,2012-07-18 03:00:00,7.06
1308,2012-07-18 04:00:00,7.93
1309,2012-07-18 05:00:00,39.65
1310,2012-07-18 06:00:00,151.365
1311,2012-07-18 07:00:00,434.03
1312,2012-07-18 08:00:00,285.69
1313,2012-07-18 09:00:00,336.145
1314,2012-07-18 10:00:00,206.34
1315,2012-07-18 11:00:00,236.0
1316,2012-07-18 12:00:00,282.145
1317,2012-07-18 13:00:00,271.98
1318,2012-07-18 14:00:00,245.67
1319,2012-07-18 15:00:00,233.35
1320,2012-07-18 16:00:00,415.65
1321,2012-07-18 17:00:00,113.92
1322,2012-07-18 18:00:00,160.055
1323,2012-07-18 19:00:00,391.72
1324,2012-07-18 20:00:00,432.75
1325,2012-07-18 21:00:00,337.195
1326,2012-07-18 22:00:00,229.595
1327,2012-07-18 23:00:00,173.975
1328,2012-07-19 00:00:00,63.89
1329,2012-07-19 01:00:00,26.79
1330,2012-07-19 02:00:00,13.89
1331,2012-07-19 03:00:00,8.19
1332,2012-07-19 04:00:00,8.72
1333,2012-07-19 05:00:00,42.5
1334,2012-07-19 06:00:00,148.53
1335,2012-07-19 07:00:00,429.76
1336,2012-07-19 08:00:00,286.965
1337,2012-07-19 09:00:00,332.575
1338,2012-07-19 10:00:00,201.875
1339,2012-07-19 11:00:00,241.0
1340,2012-07-19 12:00:00,253.42
1341,2012-07-19 13:00:00,259.47
1342,2012-07-19 14:00:00,236.785
1343,2012-07-19 15:00:00,273.805
1344,2012-07-19 16:00:00,443.025
1345,2012-07-19 17:00:00,79.335
1346,2012-07-19 18:00:00,178.13
1347,2012-07-19 19:00:00,470.66
1348,2012-07-19 20:00:00,427.91
1349,2012-07-19 21:00:00,144.085
1350,2012-07-19 22:00:00,151.31
1351,2012-07-19 23:00:00,152.945
1352,2012-08-17 00:00:00,50.045
1353,2012-08-17 01:00:00,31.025
1354,2012-08-17 02:00:00,12.54
1355,2012-08-17 03:00:00,5.885
1356,2012-08-17 04:00:00,5.97
1357,2012-08-17 05:00:00,39.335
1358,2012-08-17 06:00:00,153.45
1359,2012-08-17 07:00:00,402.01
1360,2012-08-17 08:00:00,193.375
1361,2012-08-17 09:00:00,316.425
1362,2012-08-17 10:00:00,202.84
1363,2012-08-17 11:00:00,209.59
1364,2012-08-17 12:00:00,272.145
1365,2012-08-17 13:00:00,271.92
1366,2012-08-17 14:00:00,265.8
1367,2012-08-17 15:00:00,283.005
1368,2012-08-17 16:00:00,328.81
1369,2012-08-17 17:00:00,293.84
1370,2012-08-17 18:00:00,270.7
1371,2012-08-17 19:00:00,344.7
1372,2012-08-17 20:00:00,314.635
1373,2012-08-17 21:00:00,183.975
1374,2012-08-17 22:00:00,116.97
1375,2012-08-17 23:00:00,86.395
1376,2012-08-18 00:00:00,136.66
1377,2012-08-18 01:00:00,99.39
1378,2012-08-18 02:00:00,97.285
1379,2012-08-18 03:00:00,41.74
1380,2012-08-18 04:00:00,10.48
1381,2012-08-18 05:00:00,18.985
1382,2012-08-18 06:00:00,68.345
1383,2012-08-18 07:00:00,118.945
1384,2012-08-18 08:00:00,176.175
1385,2012-08-18 09:00:00,286.67
1386,2012-08-18 10:00:00,416.545
1387,2012-08-18 11:00:00,409.305
1388,2012-08-18 12:00:00,458.73
1389,2012-08-18 13:00:00,465.32
1390,2012-08-18 14:00:00,508.94
1391,2012-08-18 15:00:00,518.805
1392,2012-08-18 16:00:00,479.73
1393,2012-08-18 17:00:00,424.48
1394,2012-08-18 18:00:00,419.85
1395,2012-08-18 19:00:00,418.925
1396,2012-08-18 20:00:00,347.3
1397,2012-08-18 21:00:00,222.395
1398,2012-08-18 22:00:00,194.81
1399,2012-08-18 23:00:00,164.08
1400,2012-08-19 00:00:00,164.315
1401,2012-08-19 01:00:00,113.385
1402,2012-08-19 02:00:00,94.85
1403,2012-08-19 03:00:00,42.68
1404,2012-08-19 04:00:00,10.38
1405,2012-08-19 05:00:00,15.52
1406,2012-08-19 06:00:00,50.27
1407,2012-08-19 07:00:00,90.01
1408,2012-08-19 08:00:00,198.81
1409,2012-08-19 09:00:00,280.63
1410,2012-08-19 10:00:00,292.825
1411,2012-08-19 11:00:00,279.81
1412,2012-08-19 12:00:00,301.095
1413,2012-08-19 13:00:00,234.08
1414,2012-08-19 14:00:00,323.075
1415,2012-08-19 15:00:00,355.33
1416,2012-08-19 16:00:00,329.985
1417,2012-08-19 17:00:00,333.515
1418,2012-08-19 18:00:00,327.96
1419,2012-08-19 19:00:00,335.595
1420,2012-08-19 20:00:00,278.5
1421,2012-08-19 21:00:00,167.185
1422,2012-08-19 22:00:00,171.895
1423,2012-08-19 23:00:00,158.415
1424,2012-09-17 00:00:00,59.33
1425,2012-09-17 01:00:00,30.885
1426,2012-09-17 02:00:00,20.3
1427,2012-09-17 03:00:00,5.495
1428,2012-09-17 04:00:00,6.405
1429,2012-09-17 05:00:00,47.3
1430,2012-09-17 06:00:00,181.655
1431,2012-09-17 07:00:00,483.83
1432,2012-09-17 08:00:00,58.83
1433,2012-09-17 09:00:00,336.89
1434,2012-09-17 10:00:00,204.67
1435,2012-09-17 11:00:00,241.205
1436,2012-09-17 12:00:00,299.06
1437,2012-09-17 13:00:00,305.155
1438,2012-09-17 14:00:00,281.875
1439,2012-09-17 15:00:00,293.395
1440,2012-09-17 16:00:00,405.72
1441,2012-09-17 17:00:00,93.445
1442,2012-09-17 18:00:00,180.14
1443,2012-09-17 19:00:00,307.615
1444,2012-09-17 20:00:00,329.97
1445,2012-09-17 21:00:00,171.795
1446,2012-09-17 22:00:00,159.38
1447,2012-09-17 23:00:00,102.22
1448,2012-09-18 00:00:00,38.265
1449,2012-09-18 01:00:00,13.18
1450,2012-09-18 02:00:00,12.24
1451,2012-09-18 03:00:00,5.955
1452,2012-09-18 04:00:00,6.0
1453,2012-09-18 05:00:00,38.195
1454,2012-09-18 06:00:00,151.955
1455,2012-09-18 07:00:00,376.96
1456,2012-09-18 08:00:00,261.19
1457,2012-09-18 09:00:00,303.115
1458,2012-09-18 10:00:00,202.69
1459,2012-09-18 11:00:00,221.06
1460,2012-09-18 12:00:00,165.75
1461,2012-09-18 13:00:00,282.54
1462,2012-09-18 14:00:00,187.51
1463,2012-09-18 15:00:00,257.735
1464,2012-09-18 16:00:00,241.735
1465,2012-09-18 17:00:00,210.435
1466,2012-09-18 18:00:00,205.735
1467,2012-09-18 19:00:00,286.705
1468,2012-09-18 20:00:00,243.045
1469,2012-09-18 21:00:00,216.41
1470,2012-09-18 22:00:00,146.155
1471,2012-09-18 23:00:00,111.11
1472,2012-09-19 00:00:00,45.995
1473,2012-09-19 01:00:00,24.265
1474,2012-09-19 02:00:00,11.33
1475,2012-09-19 03:00:00,6.295
1476,2012-09-19 04:00:00,6.46
1477,2012-09-19 05:00:00,43.345
1478,2012-09-19 06:00:00,167.87
1479,2012-09-19 07:00:00,456.895
1480,2012-09-19 08:00:00,58.16
1481,2012-09-19 09:00:00,340.075
1482,2012-09-19 10:00:00,208.165
1483,2012-09-19 11:00:00,252.905
1484,2012-09-19 12:00:00,333.865
1485,2012-09-19 13:00:00,331.79
1486,2012-09-19 14:00:00,321.715
1487,2012-09-19 15:00:00,336.785
1488,2012-09-19 16:00:00,455.11
1489,2012-09-19 17:00:00,40.15
1490,2012-09-19 18:00:00,89.465
1491,2012-09-19 19:00:00,383.61
1492,2012-09-19 20:00:00,366.11
1493,2012-09-19 21:00:00,244.365
1494,2012-09-19 22:00:00,166.635
1495,2012-09-19 23:00:00,158.925
1496,2012-10-17 00:00:00,49.54
1497,2012-10-17 01:00:00,20.83
1498,2012-10-17 02:00:00,14.475
1499,2012-10-17 03:00:00,5.14
1500,2012-10-17 04:00:00,5.78
1501,2012-10-17 05:00:00,37.075
1502,2012-10-17 06:00:00,149.5
1503,2012-10-17 07:00:00,359.315
1504,2012-10-17 08:00:00,114.225
1505,2012-10-17 09:00:00,339.665
1506,2012-10-17 10:00:00,204.79
1507,2012-10-17 11:00:00,255.595
1508,2012-10-17 12:00:00,314.83
1509,2012-10-17 13:00:00,307.19
1510,2012-10-17 14:00:00,300.94
1511,2012-10-17 15:00:00,320.755
1512,2012-10-17 16:00:00,413.06
1513,2012-10-17 17:00:00,117.425
1514,2012-10-17 18:00:00,123.105
1515,2012-10-17 19:00:00,345.36
1516,2012-10-17 20:00:00,337.01
1517,2012-10-17 21:00:00,191.32
1518,2012-10-17 22:00:00,141.425
1519,2012-10-17 23:00:00,108.565
1520,2012-10-18 00:00:00,54.51
1521,2012-10-18 01:00:00,19.16
1522,2012-10-18 02:00:00,12.66
1523,2012-10-18 03:00:00,5.15
1524,2012-10-18 04:00:00,5.945
1525,2012-10-18 05:00:00,38.98
1526,2012-10-18 06:00:00,153.86
1527,2012-10-18 07:00:00,386.49
1528,2012-10-18 08:00:00,232.75
1529,2012-10-18 09:00:00,347.03
1530,2012-10-18 10:00:00,196.365
1531,2012-10-18 11:00:00,259.115
1532,2012-10-18 12:00:00,326.065
1533,2012-10-18 13:00:00,330.42
1534,2012-10-18 14:00:00,304.27
1535,2012-10-18 15:00:00,304.39
1536,2012-10-18 16:00:00,462.485
1537,2012-10-18 17:00:00,203.955
1538,2012-10-18 18:00:00,231.605
1539,2012-10-18 19:00:00,354.7
1540,2012-10-18 20:00:00,343.345
1541,2012-10-18 21:00:00,221.935
1542,2012-10-18 22:00:00,167.895
1543,2012-10-18 23:00:00,128.305
1544,2012-10-19 00:00:00,44.465
1545,2012-10-19 01:00:00,12.27
1546,2012-10-19 02:00:00,11.38
1547,2012-10-19 03:00:00,7.265
1548,2012-10-19 04:00:00,7.495
1549,2012-10-19 05:00:00,44.25
1550,2012-10-19 06:00:00,122.8
1551,2012-10-19 07:00:00,156.41
1552,2012-10-19 08:00:00,263.01
1553,2012-10-19 09:00:00,307.9
1554,2012-10-19 10:00:00,186.475
1555,2012-10-19 11:00:00,201.545
1556,2012-10-19 12:00:00,299.815
1557,2012-10-19 13:00:00,236.505
1558,2012-10-19 14:00:00,294.465
1559,2012-10-19 15:00:00,302.565
1560,2012-10-19 16:00:00,355.71
1561,2012-10-19 17:00:00,168.765
1562,2012-10-19 18:00:00,201.61
1563,2012-10-19 19:00:00,268.775
1564,2012-10-19 20:00:00,320.25
1565,2012-10-19 21:00:00,211.015
1566,2012-10-19 22:00:00,160.745
1567,2012-10-19 23:00:00,135.62
1568,2012-11-17 00:00:00,121.37
1569,2012-11-17 01:00:00,122.955
1570,2012-11-17 02:00:00,65.82
1571,2012-11-17 03:00:00,22.805
1572,2012-11-17 04:00:00,8.415
1573,2012-11-17 05:00:00,10.04
1574,2012-11-17 06:00:00,26.865
1575,2012-11-17 07:00:00,76.6
1576,2012-11-17 08:00:00,138.135
1577,2012-11-17 09:00:00,244.705
1578,2012-11-17 10:00:00,312.905
1579,2012-11-17 11:00:00,358.055
1580,2012-11-17 12:00:00,366.28
1581,2012-11-17 13:00:00,284.595
1582,2012-11-17 14:00:00,391.71
1583,2012-11-17 15:00:00,372.28
1584,2012-11-17 16:00:00,388.885
1585,2012-11-17 17:00:00,368.06
1586,2012-11-17 18:00:00,334.205
1587,2012-11-17 19:00:00,277.605
1588,2012-11-17 20:00:00,221.575
1589,2012-11-17 21:00:00,182.365
1590,2012-11-17 22:00:00,147.56
1591,2012-11-17 23:00:00,111.44
1592,2012-11-18 00:00:00,101.48
1593,2012-11-18 01:00:00,108.49
1594,2012-11-18 02:00:00,67.24
1595,2012-11-18 03:00:00,24.54
1596,2012-11-18 04:00:00,8.67
1597,2012-11-18 05:00:00,8.865
1598,2012-11-18 06:00:00,36.05
1599,2012-11-18 07:00:00,91.545
1600,2012-11-18 08:00:00,196.17
1601,2012-11-18 09:00:00,224.505
1602,2012-11-18 10:00:00,271.935
1603,2012-11-18 11:00:00,369.94
1604,2012-11-18 12:00:00,400.315
1605,2012-11-18 13:00:00,389.255
1606,2012-11-18 14:00:00,411.035
1607,2012-11-18 15:00:00,410.41
1608,2012-11-18 16:00:00,362.52
1609,2012-11-18 17:00:00,352.73
1610,2012-11-18 18:00:00,336.905
1611,2012-11-18 19:00:00,283.73
1612,2012-11-18 20:00:00,224.03
1613,2012-11-18 21:00:00,165.045
1614,2012-11-18 22:00:00,134.655
1615,2012-11-18 23:00:00,109.64
1616,2012-11-19 00:00:00,47.01
1617,2012-11-19 01:00:00,25.575
1618,2012-11-19 02:00:00,8.45
1619,2012-11-19 03:00:00,5.055
1620,2012-11-19 04:00:00,6.61
1621,2012-11-19 05:00:00,33.85
1622,2012-11-19 06:00:00,130.185
1623,2012-11-19 07:00:00,368.635
1624,2012-11-19 08:00:00,123.48
1625,2012-11-19 09:00:00,307.35
1626,2012-11-19 10:00:00,182.875
1627,2012-11-19 11:00:00,208.055
1628,2012-11-19 12:00:00,254.61
1629,2012-11-19 13:00:00,263.915
1630,2012-11-19 14:00:00,254.945
1631,2012-11-19 15:00:00,272.57
1632,2012-11-19 16:00:00,355.7
1633,2012-11-19 17:00:00,343.5
1634,2012-11-19 18:00:00,417.195
1635,2012-11-19 19:00:00,349.425
1636,2012-11-19 20:00:00,293.465
1637,2012-11-19 21:00:00,185.9
1638,2012-11-19 22:00:00,159.105
1639,2012-11-19 23:00:00,137.775
1640,2012-12-17 00:00:00,47.3
1641,2012-12-17 01:00:00,9.875
1642,2012-12-17 02:00:00,11.265
1643,2012-12-17 03:00:00,5.615
1644,2012-12-17 04:00:00,6.0
1645,2012-12-17 05:00:00,37.95
1646,2012-12-17 06:00:00,123.735
1647,2012-12-17 07:00:00,266.005
1648,2012-12-17 08:00:00,194.51
1649,2012-12-17 09:00:00,294.01
1650,2012-12-17 10:00:00,182.44
1651,2012-12-17 11:00:00,218.195
1652,2012-12-17 12:00:00,222.645
1653,2012-12-17 13:00:00,231.94
1654,2012-12-17 14:00:00,225.37
1655,2012-12-17 15:00:00,237.135
1656,2012-12-17 16:00:00,206.405
1657,2012-12-17 17:00:00,324.955
1658,2012-12-17 18:00:00,274.67
1659,2012-12-17 19:00:00,266.79
1660,2012-12-17 20:00:00,263.555
1661,2012-12-17 21:00:00,192.41
1662,2012-12-17 22:00:00,135.51
1663,2012-12-17 23:00:00,84.88
1664,2012-12-18 00:00:00,44.395
1665,2012-12-18 01:00:00,8.835
1666,2012-12-18 02:00:00,11.17
1667,2012-12-18 03:00:00,5.125
1668,2012-12-18 04:00:00,6.62
1669,2012-12-18 05:00:00,37.725
1670,2012-12-18 06:00:00,124.435
1671,2012-12-18 07:00:00,272.85
1672,2012-12-18 08:00:00,183.77
1673,2012-12-18 09:00:00,303.48
1674,2012-12-18 10:00:00,180.325
1675,2012-12-18 11:00:00,230.835
1676,2012-12-18 12:00:00,245.82
1677,2012-12-18 13:00:00,282.035
1678,2012-12-18 14:00:00,276.09
1679,2012-12-18 15:00:00,282.25
1680,2012-12-18 16:00:00,381.715
1681,2012-12-18 17:00:00,455.195
1682,2012-12-18 18:00:00,435.665
1683,2012-12-18 19:00:00,347.11
1684,2012-12-18 20:00:00,274.51
1685,2012-12-18 21:00:00,183.85
1686,2012-12-18 22:00:00,157.82
1687,2012-12-18 23:00:00,129.02
1688,2012-12-19 00:00:00,50.285
1689,2012-12-19 01:00:00,26.1
1690,2012-12-19 02:00:00,9.685
1691,2012-12-19 03:00:00,5.875
1692,2012-12-19 04:00:00,6.72
1693,2012-12-19 05:00:00,39.33
1694,2012-12-19 06:00:00,116.54
1695,2012-12-19 07:00:00,334.805
1696,2012-12-19 08:00:00,271.465
1697,2012-12-19 09:00:00,317.165
1698,2012-12-19 10:00:00,206.755
1699,2012-12-19 11:00:00,220.265
1700,2012-12-19 12:00:00,272.785
1701,2012-12-19 13:00:00,279.23
1702,2012-12-19 14:00:00,270.835
1703,2012-12-19 15:00:00,277.705
1704,2012-12-19 16:00:00,382.52
1705,2012-12-19 17:00:00,452.02
1706,2012-12-19 18:00:00,431.48
1707,2012-12-19 19:00:00,341.38
1708,2012-12-19 20:00:00,281.115
1709,2012-12-19 21:00:00,187.37
1710,2012-12-19 22:00:00,154.565
1711,2012-12-19 23:00:00,114.445
